Identificacion,Nombres,Apellidos,Direccion,TelefonoConvencional,Celular,Edad,PatioId
1234567890,EjecutivoNombre1,Ejecutivoapellido1,DireccionEjecutivo1,2398203,0981160765,30,1
1234567891,EjecutivoNombre2,Ejecutivoapellido2,DireccionEjecutivo2,2398203,0981160766,30,2
1234567892,EjecutivoNombre3,Ejecutivoapellido3,DireccionEjecutivo3,2398203,0981160767,30,3
1234567893,EjecutivoNombre4,Ejecutivoapellido4,DireccionEjecutivo4,2398203,0981160768,30,1
1234567894,EjecutivoNombre5,Ejecutivoapellido5,DireccionEjecutivo5,2398203,0981160769,30,2
1234567895,EjecutivoNombre6,Ejecutivoapellido6,DireccionEjecutivo6,2398203,0981160770,30,3
1234567896,EjecutivoNombre7,Ejecutivoapellido7,DireccionEjecutivo7,2398203,0981160771,30,1
1234567897,EjecutivoNombre8,Ejecutivoapellido8,DireccionEjecutivo8,2398203,0981160772,30,2
1234567898,EjecutivoNombre9,Ejecutivoapellido9,DireccionEjecutivo9,2398203,0981160773,30,3
1234567899,EjecutivoNombre10,Ejecutivoapellido10,DireccionEjecutivo10,2398203,0981160774,30,1
1234567900,EjecutivoNombre11,Ejecutivoapellido11,DireccionEjecutivo11,2398203,0981160775,30,2
1234567901,EjecutivoNombre12,Ejecutivoapellido12,DireccionEjecutivo12,2398203,0981160776,30,3
1234567902,EjecutivoNombre13,Ejecutivoapellido13,DireccionEjecutivo13,2398203,0981160777,30,1
1234567903,EjecutivoNombre14,Ejecutivoapellido14,DireccionEjecutivo14,2398203,0981160778,30,2
1234567904,EjecutivoNombre15,Ejecutivoapellido15,DireccionEjecutivo15,2398203,0981160779,30,3
1234567905,EjecutivoNombre16,Ejecutivoapellido16,DireccionEjecutivo16,2398203,0981160780,30,1
1234567906,EjecutivoNombre17,Ejecutivoapellido17,DireccionEjecutivo17,2398203,0981160781,30,2
1234567907,EjecutivoNombre18,Ejecutivoapellido18,DireccionEjecutivo18,2398203,0981160782,30,3
1234567908,EjecutivoNombre19,Ejecutivoapellido19,DireccionEjecutivo19,2398203,0981160783,30,1
1234567909,EjecutivoNombre20,Ejecutivoapellido20,DireccionEjecutivo20,2398203,0981160784,30,2
